{
    "$schema": "https://schema.management.azure.com/schemas/2015-01-01/deploymentParameters.json#",
    "contentVersion": "1.0.0.0",
    "parameters": {
        "vmName1": {
            "value": "ContosoPublic"
        },
        "nicName1": {
            "value": "ContosoPublic-nic"
        },
        "vmName2": {
            "value": "ContosoPrivate"
        },
        "nicName2": {
            "value": "ContosoPrivate-nic"
        },
        "vmSize": {
            "value": "Standard_D2s_v3"
        },
        "adminUsername": {
            "value": "TestUser"
        },
        "adminPassword": {
            "value": "TestPa$$w0rd!"
        }
    }
}
