{
    "$schema": "https://schema.management.azure.com/schemas/2019-04-01/deploymentTemplate.json#",
    "contentVersion": "1.0.0.0",
    "parameters": {
       "vmName": {
         "type": "string",
         "metadata": {
              "description": "description"
          }
      },
      "nicName": {
         "type": "string",
         "metadata": {
              "description": "description"
          }
      },
      "vmCount": {
         "type": "int",
         "defaultValue": 3,
         "metadata": {
              "description": "Number of VMs"
          }
      },  
      "vmSize": {
        "type": "string",
        "defaultValue": "Standard_D2s_v3",
        "metadata": {
          "description": "Virtual machine size"
        }
      },
      "adminUsername": {
        "type": "string",
        "metadata": {
          "description": "Admin username"
        }
      },
      "adminPassword": {
        "type": "securestring",
        "metadata": {
          "description": "Admin password"
        }
      }
    },
  "variables": {
    "virtualNetworkName": "IntLB-VNet",
    "nsgName": "myNSG",
    "subnetName": "myBackendSubnet",
    "subnetRef": "[resourceId('Microsoft.Network/virtualNetworks/subnets', variables('virtualNetworkName'), variables('subnetName'))]",
    "computeApiVersion": "2018-06-01",
    "networkApiVersion": "2018-08-01"
  },
    "resources": [
        {
            "name": "[concat(parameters('vmName'),copyIndex(1))]",
            "copy": {
                "name": "VMcopy",
                "count": "[parameters('vmCount')]"
            },
            "type": "Microsoft.Compute/virtualMachines",
            "apiVersion": "[variables('computeApiVersion')]",
            "location": "[resourceGroup().location]",
            "dependsOn": [
                "[concat(parameters('nicName'),copyIndex(1))]"
            ],
            "properties": {
                "osProfile": {
                    "computerName": "[concat(parameters('vmName'),copyIndex(1))]",
                    "adminUsername": "[parameters('adminUsername')]",
                    "adminPassword": "[parameters('adminPassword')]",
                    "windowsConfiguration": {
                        "provisionVmAgent": "true"
                    }
                },
                "hardwareProfile": {
                    "vmSize": "[parameters('vmSize')]"
                },
                "storageProfile": {
                    "imageReference": {
                        "publisher": "MicrosoftWindowsServer",
                        "offer": "WindowsServer",
                        "sku": "2019-Datacenter",
                        "version": "latest"
                    },
                    "osDisk": {
                        "createOption": "fromImage"
                    },
                    "dataDisks": []
                },
                "networkProfile": {
                    "networkInterfaces": [
                        {
                            "properties": {
                                "primary": true
                            },
                            "id": "[resourceId('Microsoft.Network/networkInterfaces', concat(parameters('nicName'),copyIndex(1)))]"
                        }
                    ]
                }
            }
        },
          {
            "apiVersion": "2018-06-01",
            "type": "Microsoft.Compute/virtualMachines/extensions",
            "name": "[concat(parameters('vmName'),copyIndex(1),'/', 'VMConfig')]",
             "copy": {
                "name": "IIScopy",
                "count": "[parameters('vmCount')]"
            },
            "location": "[resourceGroup().location]",
            "dependsOn": [
                "[concat('Microsoft.Compute/virtualMachines/',parameters('vmName'),copyIndex(1))]"
            ],
            "properties": {
                "publisher": "Microsoft.Compute",
                "type": "CustomScriptExtension",
                "typeHandlerVersion": "1.7",
                "autoUpgradeMinorVersion":true,
                "settings": {
                    "fileUris": [
                       "https://raw.githubusercontent.com/MicrosoftLearning/AZ-700-Designing-and-Implementing-Microsoft-Azure-Networking-Solutions/master/Allfiles/Exercises/M04/install-iis.ps1"
                    ],
                    "commandToExecute": "powershell.exe -ExecutionPolicy Unrestricted -File install-iis.ps1"
                }
            }
        },
        {
            "name": "[concat(parameters('nicName'),copyIndex(1))]",
             "copy":{
                "name": "nicCopy",
                "count": "[parameters('vmCount')]"
            },
            "type": "Microsoft.Network/networkInterfaces",
            "apiVersion": "[variables('networkApiVersion')]",
            "location": "[resourceGroup().location]",
            "comments": "Primary NIC",
            "dependsOn": [
                "[variables('nsgName')]"
            ],
            "properties": {
                "ipConfigurations": [
                    {
                        "name": "ipconfig1",
                        "properties": {
                            "subnet": {
                                "id": "[variables('subnetRef')]"
                            },
                            "privateIPAllocationMethod": "Dynamic"
                        }
                    }
                ],
                "networkSecurityGroup": {
                    "id": "[resourceId('Microsoft.Network/networkSecurityGroups', variables('nsgName'))]"
                }
            }
        },
        {
            "name": "[variables('nsgName')]",
            "type": "Microsoft.Network/networkSecurityGroups",
            "apiVersion": "[variables('networkApiVersion')]",
            "location": "[resourceGroup().location]",
            "comments": "Network Security Group (NSG) for Primary NIC",
            "properties": {
                "securityRules": [
                    {
                        "name": "default-allow-rdp",
                        "properties": {
                            "priority": 1000,
                            "sourceAddressPrefix": "*",
                            "protocol": "Tcp",
                            "destinationPortRange": "3389",
                            "access": "Allow",
                            "direction": "Inbound",
                            "sourcePortRange": "*",
                            "destinationAddressPrefix": "*"
                        }
                    }
                ]
            }
        }
    ],
    "outputs": {}
}
