
{
    "$schema": "https://schema.management.azure.com/schemas/2019-04-01/deploymentParameters.json#",
    "contentVersion": "1.0.0.0",
    "parameters": {
        "vmName1": {
            "value": "BackendVM1"
        },
        "nicName1": {
            "value": "BackendVM1-nic"
        },
        "vmName2": {
            "value": "BackendVM2"
        },
        "nicName2": {
            "value": "BackendVM2-nic"
        },
        "vmSize": {
            "value": "Standard_D2s_v3"
        },
        "adminUsername": {
            "value": "TestUser"
        }
    }
}
